{
  "days": [
    { "id": 1, "day": 1 },
    { "id": 2, "day": 2 },
    { "id": 3, "day": 3 }
  ],
  "words": [
    {
      "id": 1,
      "day": 1,
      "eng": "book",
      "kor": "책",
      "isDone": false
    },
    {
      "id": 2,
      "day": 1,
      "eng": "apple",
      "kor": "사과",
      "isDone": false
    },
    {
      "id": 3,
      "day": 2,
      "eng": "car",
      "kor": "자동차",
      "isDone": false
    },
    {
      "id": 4,
      "day": 2,
      "eng": "pen",
      "kor": "펜",
      "isDone": false
    },
    {
      "id": 5,
      "day": 3,
      "eng": "school",
      "kor": "학교",
      "isDone": false
    },
    {
      "id": 6,
      "day": 3,
      "eng": "pencil",
      "kor": "연필",
      "isDone": false
    }
  ],

  "addMembers": [
    {
      "id": "ppp",
      "password": "1153abc@$",
      "name": "alan smith",
      "email": "alan@gmail.com",
      "phone": "01012345667",
      "address": "Korea"
    },
    {
      "id": "asd",
      "password": "1234",
      "name": "asdf",
      "email": "a@gmail.com",
      "phone": "123",
      "address": ""
    },
    {
      "id": "s",
      "password": "1234",
      "name": "as",
      "email": "a@gmail.com",
      "phone": "1234",
      "address": ""
    },
    {
      "id": "sdf",
      "password": "1234",
      "name": "sdaf",
      "email": "a@gmail.com",
      "phone": "12312",
      "address": "123213"
    }
  ],
  "memberIdCheck": [
    {
      "id": "ppp"
    },
    {
      "id": "qqq"
    }
  ],
  "mailCheck": [
    {
      "auth:": "success"
    }
  ],
  "members": [
    {
      "id": "wowo"
    }
  ]
}
